Happy,Loved,Sad,Freaky,Focus,Energetic
https://open.spotify.com/track/3rh495Z2rIRwD316blea4f,https://open.spotify.com/track/3aCbwWCYCT3MJjZeUnlcp4,https://open.spotify.com/album/2v6H5GnUs1QS2VsN8WZqME,https://open.spotify.com/track/5rZlwNFl01HqLWBQGryKSm,https://open.spotify.com/playlist/0vvXsWCC9xrXsKd4FyS8kM,https://open.spotify.com/track/3s1KwrLP0NlFWiWbjz6bfQ
https://open.spotify.com/track/17E3lZxFJnO49Gb0tdgVn0,https://open.spotify.com/track/3NZJlJemX3mzjf56MqC5ML,https://open.spotify.com/track/3FAJ6O0NOHQV8Mc5Ri6ENp,https://open.spotify.com/track/0fO7sXAkHPXvJgS2jSvm3M,,https://open.spotify.com/track/1fmLDRqFOGHldzvkUzyQgS
https://open.spotify.com/track/1WeqJkPY5rDIfyOKWfyuf5,https://open.spotify.com/track/2SUxn2O9NHL6GHGQFgwCY0,https://open.spotify.com/track/3ee8Jmje8o58CHK66QrVC2,https://open.spotify.com/track/5RdqWFq1YCSI8GP6f2BLUD,,https://open.spotify.com/track/0HKNlsZ0zFlSqUqWj1nVVG
https://open.spotify.com/track/1LeWIs2hP2r5yOQnVuYoI5,https://open.spotify.com/track/0tgVpDi06FyKpA1z0VMD4v,https://open.spotify.com/track/6blvpbrv3C3cKqMYd8YDRB,https://open.spotify.com/track/7t2bFihaDvhIrd2gn2CWJO,,https://open.spotify.com/track/2gmTz7pHMqAk6fpOc88qxA
https://open.spotify.com/track/7oOOI85fVQvVnK5ynNMdW7,https://open.spotify.com/track/7qiZfU4dY1lWllzX7mPBI3,https://open.spotify.com/track/6nMfBmxCGVqwj55rxrUrko,https://open.spotify.com/track/2xc1rXfo3Yn20n7wIzmjeu,,https://open.spotify.com/track/6UgODeTkEfRQBWcJ4nWUl5
https://open.spotify.com/track/4OdhWe5GZTkwAuNXLQZImM,https://open.spotify.com/track/7ttYEPVoTvoEmpkX5t01cq,https://open.spotify.com/track/591ks2A0o7ratTpiRdI7M6,https://open.spotify.com/track/1rjormyWJ2VFI8ZSQoPIYl,,https://open.spotify.com/track/7fWotHT92my4vLN713vFTa
https://open.spotify.com/track/4vju55Ag7apDL2CfotuE7Q,https://open.spotify.com/track/1TlTzdsEpgfsmbuNfYmWfG,https://open.spotify.com/track/0jbGm0dpPUnr8omDSpLKW6,https://open.spotify.com/track/70RKI76Z8GPARTTjMz5QBQ,,https://open.spotify.com/track/79s5XnCN4TJKTVMSmOx8Ep
https://open.spotify.com/track/6tS3XVuOyu10897O3ae7bi,https://open.spotify.com/track/3xRH6FPVtheDyNla3T1FE7,https://open.spotify.com/track/6krr1QQpT7nN8fjLjdWXIC,https://open.spotify.com/track/5LIleJbUUgtvYnBW9wfY1W,,https://open.spotify.com/track/5vGLcdRuSbUhD8ScwsGSdA
https://open.spotify.com/track/3wpLkju0bJy89kjgdRys0j,https://open.spotify.com/track/7ozvuHnA1zWzuTvReLChVL,https://open.spotify.com/track/2ewjMyCbNv2X1dB2qIDCwD,https://open.spotify.com/track/4PhsKqMdgMEUSstTDAmMpg,,
https://open.spotify.com/track/3lUQpvfWFcxZC3RYAVGE7F,https://open.spotify.com/track/1m8WpLYXEiNVZchsWEcCSy,https://open.spotify.com/track/17jlkHSNHFu1zUuu8QZyOW,https://open.spotify.com/track/1W46CYRHAlwfL4Ck9OwEbc,,
https://open.spotify.com/track/6w93UfN5MeXXQTrVIf5V6x,https://open.spotify.com/track/7AOIpGjtubeC0uSiMEhOyR,https://open.spotify.com/track/4NcJdWFnDzubpcG31CrDU1,,,
https://open.spotify.com/track/1LJkjIFAlKJNPzuV8cDHqD,https://open.spotify.com/track/1dIWPXMX4kRHj6Dt2DStUQ,https://open.spotify.com/track/364PyYbikiJ4dXKC3xsNrF,,,
https://open.spotify.com/track/6w2jx3gzQAtoKP22czcANv,,,,,
https://open.spotify.com/track/0i0ESj6M9eV8ck3LP07QzD,,,,,
https://open.spotify.com/track/7LRmDx4pMTQuOBBwRT1MCT,,,,,